series,year,baseline,ci95_low,ci95_high,optimistic,pessimistic,event_augmented
Account Ownership Rate,2025,59.65349745889728,35.76389681399607,83.54309810379848,77.93635509530127,41.37063982249329,70.0
Digital Payment Usage (proxy),2025,11.815411351645007,11.81541135162442,11.815411351665595,11.815411351660764,11.815411351629251,
Account Ownership Rate,2026,62.86362182126766,38.342558524631,87.38468511790431,81.62974169114264,44.097501951392665,70.0
Digital Payment Usage (proxy),2026,14.676935824943405,14.67693582491349,14.676935824973318,14.676935824966296,14.676935824920513,
Account Ownership Rate,2027,65.96406309243244,40.968458386391774,90.9596677984731,85.09335240827988,46.83477377658499,70.0
Digital Payment Usage (proxy),2027,18.089321373730233,18.08932137368804,18.089321373772425,18.089321373762523,18.089321373697942,
